,DPA1.1,DPA1.2,B.1,B.2,DPB1.1,DPB1.2,A.1,A.2,C.1,C.2,DRB1.1,DRB1.2,DQAB1,DQAB2,DQAB3,DQAB4
P098,DPA1*02,DPA1*02,B*45,B*53,DPB1*01,DPB1*01,A*02,A*33,C*04,C*16,DRB1*01,DRB1*08,DQA1*01_DQB1*03,DQA1*01_DQB1*05,DQA1*04_DQB1*03,DQA1*04_DQB1*05
P139,DPA1*01,DPA1*02,B*35,B*53,DPB1*01,DPB1*02,A*26,A*74,C*04,C*16,DRB1*01,DRB1*15,DQA1*01_DQB1*05,DQA1*01_DQB1*06,DQA1*01_DQB1*05,DQA1*01_DQB1*06
P119,DPA1*02,DPA1*02,B*44,B*46,DPB1*05,DPB1*05,A*33,A*33,C*01,C*07,DRB1*07,DRB1*08,DQA1*01_DQB1*02,DQA1*01_DQB1*06,DQA1*02_DQB1*02,DQA1*02_DQB1*06
P148,DPA1*01,DPA1*01,B*07,B*35,DPB1*02,DPB1*04,A*01,A*25,C*04,C*07,DRB1*01,DRB1*01,DQA1*01_DQB1*05,DQA1*01_DQB1*05,DQA1*01_DQB1*05,DQA1*01_DQB1*05
P073,DPA1*02,DPA1*02,B*08,B*15,DPB1*13,DPB1*17,A*01,A*23,C*01,C*02,DRB1*11,DRB1*13,DQA1*05_DQB1*03,DQA1*05_DQB1*03,DQA1*05_DQB1*03,DQA1*05_DQB1*03
P143,DPA1*01,DPA1*02,B*35,B*44,DPB1*02,DPB1*02,A*01,A*23,C*04,C*04,DRB1*10,DRB1*15,DQA1*01_DQB1*05,DQA1*01_DQB1*06,DQA1*01_DQB1*05,DQA1*01_DQB1*06
P089,DPA1*01,DPA1*01,B*39,B*58,DPB1*02,DPB1*03,A*68,A*68,C*07,C*12,DRB1*03,DRB1*13,DQA1*01_DQB1*02,DQA1*01_DQB1*06,DQA1*05_DQB1*02,DQA1*05_DQB1*06
P050,DPA1*01,DPA1*02,B*07,B*58,DPB1*01,DPB1*02,A*30,A*68,C*06,C*07,DRB1*07,DRB1*15,DQA1*01_DQB1*02,DQA1*01_DQB1*06,DQA1*02_DQB1*02,DQA1*02_DQB1*06
P099,DPA1*01,DPA1*01,B*08,B*37,DPB1*04,DPB1*04,A*01,A*01,C*06,C*07,DRB1*03,DRB1*15,DQA1*01_DQB1*02,DQA1*01_DQB1*06,DQA1*05_DQB1*02,DQA1*05_DQB1*06
P153,DPA1*02,DPA1*02,B*35,B*46,DPB1*01,DPB1*05,A*24,A*34,C*04,C*07,DRB1*04,DRB1*12,DQA1*03_DQB1*03,DQA1*03_DQB1*04,DQA1*06_DQB1*03,DQA1*06_DQB1*04
P077,DPA1*01,DPA1*02,B*44,B*49,DPB1*01,DPB1*02,A*03,A*68,C*05,C*07,DRB1*04,DRB1*07,DQA1*02_DQB1*03,DQA1*02_DQB1*03,DQA1*03_DQB1*03,DQA1*03_DQB1*03
P028,DPA1*01,DPA1*01,B*08,B*14,DPB1*03,DPB1*04,A*03,A*23,C*07,C*08,DRB1*03,DRB1*04,DQA1*03_DQB1*02,DQA1*03_DQB1*02,DQA1*05_DQB1*02,DQA1*05_DQB1*02
P019,DPA1*01,DPA1*01,B*08,B*50,DPB1*03,DPB1*04,A*24,A*24,C*06,C*07,DRB1*04,DRB1*13,DQA1*01_DQB1*04,DQA1*01_DQB1*06,DQA1*03_DQB1*04,DQA1*03_DQB1*06
P140,DPA1*01,DPA1*01,B*13,B*44,DPB1*04,DPB1*15,A*29,A*30,C*06,C*16,DRB1*04,DRB1*11,DQA1*03_DQB1*03,DQA1*03_DQB1*03,DQA1*05_DQB1*03,DQA1*05_DQB1*03
P103,DPA1*01,DPA1*02,B*13,B*13,DPB1*01,DPB1*03,A*11,A*11,C*08,C*08,DRB1*12,DRB1*15,DQA1*01_DQB1*03,DQA1*01_DQB1*05,DQA1*06_DQB1*03,DQA1*06_DQB1*05
P091,DPA1*02,DPA1*02,B*07,B*51,DPB1*01,DPB1*11,A*03,A*33,C*07,C*16,DRB1*07,DRB1*13,DQA1*01_DQB1*03,DQA1*01_DQB1*05,DQA1*02_DQB1*03,DQA1*02_DQB1*05
P113,DPA1*01,DPA1*02,B*37,B*40,DPB1*04,DPB1*09,A*01,A*68,C*06,C*15,DRB1*10,DRB1*11,DQA1*01_DQB1*03,DQA1*01_DQB1*05,DQA1*05_DQB1*03,DQA1*05_DQB1*05
P131,DPA1*01,DPA1*02,B*15,B*40,DPB1*02,DPB1*03,A*02,A*33,C*04,C*07,DRB1*09,DRB1*16,DQA1*01_DQB1*03,DQA1*01_DQB1*05,DQA1*03_DQB1*03,DQA1*03_DQB1*05
P007,DPA1*03,DPA1*03,B*44,B*58,DPB1*04,DPB1*04,A*02,A*03,C*04,C*07,DRB1*01,DRB1*15,DQA1*01_DQB1*05,DQA1*01_DQB1*06,DQA1*01_DQB1*05,DQA1*01_DQB1*06
P010,DPA1*01,DPA1*02,B*35,B*52,DPB1*04,DPB1*14,A*02,A*24,C*04,C*12,DRB1*01,DRB1*10,DQA1*01_DQB1*05,DQA1*01_DQB1*05,DQA1*01_DQB1*05,DQA1*01_DQB1*05
P096,DPA1*02,DPA1*03,B*14,B*44,DPB1*01,DPB1*04,A*03,A*23,C*08,C*14,DRB1*03,DRB1*15,DQA1*03_DQB1*02,DQA1*03_DQB1*04,DQA1*04_DQB1*02,DQA1*04_DQB1*04
P004,DPA1*02,DPA1*02,B*40,B*40,DPB1*05,DPB1*05,A*24,A*34,C*04,C*04,DRB1*09,DRB1*15,DQA1*01_DQB1*03,DQA1*01_DQB1*06,DQA1*03_DQB1*03,DQA1*03_DQB1*06
P065,DPA1*01,DPA1*01,B*52,B*52,DPB1*02,DPB1*04,A*26,A*32,C*12,C*12,DRB1*11,DRB1*15,DQA1*01_DQB1*03,DQA1*01_DQB1*06,DQA1*05_DQB1*03,DQA1*05_DQB1*06
P063,DPA1*01,DPA1*01,B*35,B*35,DPB1*02,DPB1*04,A*02,A*32,C*04,C*04,DRB1*01,DRB1*13,DQA1*01_DQB1*05,DQA1*01_DQB1*06,DQA1*01_DQB1*05,DQA1*01_DQB1*06
P035,DPA1*01,DPA1*01,B*40,B*57,DPB1*02,DPB1*03,A*01,A*01,C*06,C*15,DRB1*13,DRB1*14,DQA1*01_DQB1*05,DQA1*01_DQB1*06,DQA1*01_DQB1*05,DQA1*01_DQB1*06
P061,DPA1*01,DPA1*01,B*07,B*35,DPB1*02,DPB1*03,A*02,A*24,C*04,C*07,DRB1*08,DRB1*11,DQA1*04_DQB1*03,DQA1*04_DQB1*04,DQA1*05_DQB1*03,DQA1*05_DQB1*04
P087,DPA1*01,DPA1*02,B*47,B*51,DPB1*14,DPB1*15,A*01,A*03,C*06,C*15,DRB1*03,DRB1*16,DQA1*01_DQB1*02,DQA1*01_DQB1*05,DQA1*05_DQB1*02,DQA1*05_DQB1*05
P149,DPA1*03,DPA1*03,B*52,B*57,DPB1*04,DPB1*39,A*02,A*34,C*16,C*18,DRB1*03,DRB1*07,DQA1*02_DQB1*02,DQA1*02_DQB1*04,DQA1*04_DQB1*02,DQA1*04_DQB1*04
P082,DPA1*01,DPA1*01,B*35,B*51,DPB1*02,DPB1*04,A*03,A*32,C*04,C*14,DRB1*15,DRB1*15,DQA1*01_DQB1*06,DQA1*01_DQB1*06,DQA1*01_DQB1*06,DQA1*01_DQB1*06
P001,DPA1*01,DPA1*02,B*08,B*51,DPB1*04,DPB1*13,A*01,A*02,C*07,C*14,DRB1*03,DRB1*11,DQA1*05_DQB1*02,DQA1*05_DQB1*03,DQA1*05_DQB1*02,DQA1*05_DQB1*03
P072,DPA1*01,DPA1*01,B*18,B*58,DPB1*02,DPB1*04,A*02,A*03,C*07,C*12,DRB1*04,DRB1*11,DQA1*03_DQB1*03,DQA1*03_DQB1*04,DQA1*05_DQB1*03,DQA1*05_DQB1*04
P026,DPA1*02,DPA1*02,B*15,B*44,DPB1*02,DPB1*09,A*24,A*33,C*04,C*07,DRB1*04,DRB1*10,DQA1*01_DQB1*03,DQA1*01_DQB1*05,DQA1*03_DQB1*03,DQA1*03_DQB1*05
P118,DPA1*01,DPA1*01,B*40,B*58,DPB1*04,DPB1*04,A*02,A*25,C*07,C*15,DRB1*13,DRB1*15,DQA1*01_DQB1*03,DQA1*01_DQB1*06,DQA1*05_DQB1*03,DQA1*05_DQB1*06
P084,DPA1*01,DPA1*01,B*07,B*51,DPB1*02,DPB1*03,A*24,A*30,C*15,C*15,DRB1*01,DRB1*13,DQA1*01_DQB1*05,DQA1*01_DQB1*06,DQA1*01_DQB1*05,DQA1*01_DQB1*06
P049,DPA1*02,DPA1*02,B*35,B*42,DPB1*01,DPB1*85,A*02,A*30,C*04,C*17,DRB1*03,DRB1*15,DQA1*01_DQB1*04,DQA1*01_DQB1*06,DQA1*04_DQB1*04,DQA1*04_DQB1*06
P006,DPA1*01,DPA1*01,B*51,B*51,DPB1*04,DPB1*04,A*11,A*11,C*16,C*16,DRB1*01,DRB1*01,DQA1*01_DQB1*05,DQA1*01_DQB1*05,DQA1*01_DQB1*05,DQA1*01_DQB1*05
P074,DPA1*01,DPA1*02,B*35,B*51,DPB1*13,DPB1*15,A*03,A*29,C*04,C*15,DRB1*15,DRB1*15,DQA1*01_DQB1*03,DQA1*01_DQB1*05,DQA1*03_DQB1*03,DQA1*03_DQB1*05
P062,DPA1*01,DPA1*02,B*46,B*52,DPB1*05,DPB1*21,A*11,A*25,C*01,C*07,DRB1*08,DRB1*12,DQA1*01_DQB1*05,DQA1*01_DQB1*06,DQA1*01_DQB1*05,DQA1*01_DQB1*06
P047,DPA1*01,DPA1*01,B*15,B*44,DPB1*03,DPB1*04,A*02,A*66,C*12,C*16,DRB1*11,DRB1*15,DQA1*02_DQB1*02,DQA1*02_DQB1*03,DQA1*05_DQB1*02,DQA1*05_DQB1*03
P051,DPA1*01,DPA1*02,B*15,B*45,DPB1*01,DPB1*03,A*33,A*80,C*03,C*16,DRB1*11,DRB1*13,DQA1*01_DQB1*03,DQA1*01_DQB1*05,DQA1*05_DQB1*03,DQA1*05_DQB1*05
P014,DPA1*01,DPA1*01,B*53,B*56,DPB1*02,DPB1*02,A*03,A*36,C*01,C*04,DRB1*01,DRB1*09,DQA1*01_DQB1*02,DQA1*01_DQB1*05,DQA1*03_DQB1*02,DQA1*03_DQB1*05
P009,DPA1*01,DPA1*01,B*18,B*40,DPB1*04,DPB1*04,A*02,A*24,C*02,C*07,DRB1*11,DRB1*16,DQA1*01_DQB1*03,DQA1*01_DQB1*05,DQA1*05_DQB1*03,DQA1*05_DQB1*05
P013,DPA1*01,DPA1*01,B*14,B*35,DPB1*04,DPB1*04,A*02,A*33,C*04,C*08,DRB1*03,DRB1*04,DQA1*03_DQB1*02,DQA1*03_DQB1*03,DQA1*05_DQB1*02,DQA1*05_DQB1*03
P108,DPA1*01,DPA1*02,B*37,B*40,DPB1*02,DPB1*05,A*01,A*11,C*06,C*15,DRB1*09,DRB1*10,DQA1*01_DQB1*03,DQA1*01_DQB1*05,DQA1*03_DQB1*03,DQA1*03_DQB1*05
P105,DPA1*01,DPA1*02,B*49,B*51,DPB1*01,DPB1*04,A*11,A*68,C*07,C*16,DRB1*13,DRB1*15,DQA1*01_DQB1*06,DQA1*01_DQB1*06,DQA1*01_DQB1*06,DQA1*01_DQB1*06
P003,DPA1*01,DPA1*02,B*07,B*58,DPB1*01,DPB1*02,A*02,A*33,C*03,C*07,DRB1*04,DRB1*09,DQA1*03_DQB1*02,DQA1*03_DQB1*03,DQA1*03_DQB1*02,DQA1*03_DQB1*03
P138,DPA1*01,DPA1*02,B*15,B*81,DPB1*02,DPB1*11,A*23,A*29,C*02,C*18,DRB1*07,DRB1*08,DQA1*02_DQB1*02,DQA1*02_DQB1*03,DQA1*04_DQB1*02,DQA1*04_DQB1*03
P032,DPA1*01,DPA1*01,B*35,B*52,DPB1*02,DPB1*04,A*02,A*24,C*04,C*07,DRB1*07,DRB1*16,DQA1*01_DQB1*02,DQA1*01_DQB1*05,DQA1*02_DQB1*02,DQA1*02_DQB1*05
P076,DPA1*01,DPA1*02,B*07,B*51,DPB1*02,DPB1*04,A*02,A*03,C*07,C*07,DRB1*11,DRB1*15,DQA1*01_DQB1*03,DQA1*01_DQB1*03,DQA1*05_DQB1*03,DQA1*05_DQB1*03
P052,DPA1*01,DPA1*01,B*49,B*57,DPB1*02,DPB1*04,A*01,A*68,C*07,C*07,DRB1*10,DRB1*13,DQA1*01_DQB1*02,DQA1*01_DQB1*05,DQA1*02_DQB1*02,DQA1*02_DQB1*05
P120,DPA1*01,DPA1*03,B*08,B*15,DPB1*02,DPB1*40,A*02,A*23,C*03,C*16,DRB1*01,DRB1*07,DQA1*01_DQB1*02,DQA1*01_DQB1*05,DQA1*02_DQB1*02,DQA1*02_DQB1*05
P095,DPA1*01,DPA1*01,B*08,B*08,DPB1*04,DPB1*15,A*01,A*01,C*07,C*07,DRB1*03,DRB1*07,DQA1*02_DQB1*02,DQA1*02_DQB1*02,DQA1*05_DQB1*02,DQA1*05_DQB1*02
P042,DPA1*01,DPA1*01,B*15,B*27,DPB1*04,DPB1*06,A*01,A*24,C*01,C*03,DRB1*01,DRB1*04,DQA1*01_DQB1*03,DQA1*01_DQB1*05,DQA1*03_DQB1*03,DQA1*03_DQB1*05
P081,DPA1*01,DPA1*01,B*08,B*08,DPB1*02,DPB1*04,A*01,A*01,C*07,C*07,DRB1*03,DRB1*03,DQA1*05_DQB1*02,DQA1*05_DQB1*02,DQA1*05_DQB1*02,DQA1*05_DQB1*02
P083,DPA1*01,DPA1*02,B*13,B*45,DPB1*01,DPB1*02,A*29,A*30,C*06,C*06,DRB1*07,DRB1*11,DQA1*02_DQB1*02,DQA1*02_DQB1*03,DQA1*05_DQB1*02,DQA1*05_DQB1*03
P100,DPA1*02,DPA1*02,B*27,B*40,DPB1*01,DPB1*01,A*24,A*34,C*03,C*15,DRB1*15,DRB1*15,DQA1*01_DQB1*05,DQA1*01_DQB1*05,DQA1*01_DQB1*05,DQA1*01_DQB1*05
P060,DPA1*01,DPA1*01,B*07,B*08,DPB1*02,DPB1*02,A*01,A*24,C*07,C*07,DRB1*03,DRB1*15,DQA1*01_DQB1*02,DQA1*01_DQB1*06,DQA1*05_DQB1*02,DQA1*05_DQB1*06
P133,DPA1*01,DPA1*03,B*15,B*41,DPB1*02,DPB1*04,A*02,A*02,C*07,C*16,DRB1*01,DRB1*11,DQA1*01_DQB1*05,DQA1*01_DQB1*06,DQA1*01_DQB1*05,DQA1*01_DQB1*06
P016,DPA1*01,DPA1*02,B*41,B*45,DPB1*01,DPB1*04,A*23,A*66,C*06,C*17,DRB1*07,DRB1*13,DQA1*03_DQB1*03,DQA1*03_DQB1*03,DQA1*05_DQB1*03,DQA1*05_DQB1*03
P027,DPA1*01,DPA1*02,B*15,B*15,DPB1*04,DPB1*05,A*02,A*68,C*02,C*03,DRB1*15,DRB1*15,DQA1*01_DQB1*05,DQA1*01_DQB1*06,DQA1*01_DQB1*05,DQA1*01_DQB1*06
P134,DPA1*02,DPA1*02,B*15,B*15,DPB1*01,DPB1*01,A*02,A*02,C*03,C*07,DRB1*03,DRB1*03,DQA1*05_DQB1*02,DQA1*05_DQB1*02,DQA1*05_DQB1*02,DQA1*05_DQB1*02
P125,DPA1*01,DPA1*02,B*35,B*40,DPB1*02,DPB1*09,A*02,A*03,C*04,C*15,DRB1*14,DRB1*15,DQA1*01_DQB1*05,DQA1*01_DQB1*06,DQA1*01_DQB1*05,DQA1*01_DQB1*06
P025,DPA1*01,DPA1*01,B*38,B*53,DPB1*03,DPB1*04,A*26,A*68,C*04,C*12,DRB1*04,DRB1*13,DQA1*01_DQB1*02,DQA1*01_DQB1*06,DQA1*03_DQB1*02,DQA1*03_DQB1*06
P079,DPA1*01,DPA1*01,B*35,B*52,DPB1*04,DPB1*04,A*11,A*11,C*04,C*12,DRB1*03,DRB1*11,DQA1*05_DQB1*02,DQA1*05_DQB1*03,DQA1*05_DQB1*02,DQA1*05_DQB1*03
P136,DPA1*02,DPA1*02,B*35,B*35,DPB1*01,DPB1*01,A*24,A*34,C*03,C*04,DRB1*12,DRB1*15,DQA1*01_DQB1*03,DQA1*01_DQB1*05,DQA1*06_DQB1*03,DQA1*06_DQB1*05
P058,DPA1*01,DPA1*01,B*44,B*51,DPB1*04,DPB1*04,A*02,A*68,C*07,C*15,DRB1*11,DRB1*16,DQA1*01_DQB1*03,DQA1*01_DQB1*05,DQA1*05_DQB1*03,DQA1*05_DQB1*05
P124,DPA1*02,DPA1*02,B*51,B*51,DPB1*05,DPB1*05,A*02,A*24,C*01,C*04,DRB1*12,DRB1*15,DQA1*01_DQB1*03,DQA1*01_DQB1*06,DQA1*05_DQB1*03,DQA1*05_DQB1*06
P123,DPA1*01,DPA1*02,B*08,B*27,DPB1*01,DPB1*04,A*01,A*02,C*02,C*07,DRB1*03,DRB1*11,DQA1*05_DQB1*02,DQA1*05_DQB1*03,DQA1*05_DQB1*02,DQA1*05_DQB1*03
P038,DPA1*01,DPA1*03,B*42,B*44,DPB1*04,DPB1*18,A*30,A*66,C*04,C*17,DRB1*03,DRB1*15,DQA1*01_DQB1*04,DQA1*01_DQB1*06,DQA1*04_DQB1*04,DQA1*04_DQB1*06
P092,DPA1*01,DPA1*01,B*35,B*35,DPB1*04,DPB1*04,A*03,A*24,C*12,C*12,DRB1*04,DRB1*13,DQA1*01_DQB1*03,DQA1*01_DQB1*06,DQA1*03_DQB1*03,DQA1*03_DQB1*06
P008,DPA1*01,DPA1*01,B*08,B*44,DPB1*03,DPB1*04,A*02,A*24,C*07,C*07,DRB1*03,DRB1*16,DQA1*01_DQB1*02,DQA1*01_DQB1*05,DQA1*05_DQB1*02,DQA1*05_DQB1*05
P150,DPA1*01,DPA1*02,B*18,B*44,DPB1*06,DPB1*11,A*02,A*30,C*05,C*16,DRB1*04,DRB1*07,DQA1*02_DQB1*02,DQA1*02_DQB1*03,DQA1*02_DQB1*02,DQA1*02_DQB1*03
P152,DPA1*02,DPA1*02,B*46,B*48,DPB1*02,DPB1*05,A*02,A*24,C*01,C*08,DRB1*09,DRB1*14,DQA1*03_DQB1*03,DQA1*03_DQB1*03,DQA1*05_DQB1*03,DQA1*05_DQB1*03
P057,DPA1*02,DPA1*02,B*44,B*52,DPB1*10,DPB1*17,A*02,A*26,C*05,C*12,DRB1*10,DRB1*11,DQA1*01_DQB1*03,DQA1*01_DQB1*05,DQA1*05_DQB1*03,DQA1*05_DQB1*05
P048,DPA1*02,DPA1*02,B*44,B*53,DPB1*01,DPB1*01,A*03,A*30,C*04,C*04,DRB1*03,DRB1*15,DQA1*01_DQB1*02,DQA1*01_DQB1*06,DQA1*05_DQB1*02,DQA1*05_DQB1*06
P011,DPA1*01,DPA1*01,B*15,B*57,DPB1*02,DPB1*03,A*02,A*03,C*02,C*07,DRB1*01,DRB1*11,DQA1*01_DQB1*03,DQA1*01_DQB1*05,DQA1*05_DQB1*03,DQA1*05_DQB1*05
P117,DPA1*02,DPA1*02,B*27,B*38,DPB1*05,DPB1*05,A*02,A*34,C*03,C*07,DRB1*15,DRB1*15,DQA1*01_DQB1*05,DQA1*01_DQB1*05,DQA1*01_DQB1*05,DQA1*01_DQB1*05
P064,DPA1*01,DPA1*01,B*35,B*45,DPB1*04,DPB1*04,A*31,A*74,C*12,C*16,DRB1*03,DRB1*07,DQA1*02_DQB1*02,DQA1*02_DQB1*02,DQA1*05_DQB1*02,DQA1*05_DQB1*02
P017,DPA1*02,DPA1*03,B*15,B*15,DPB1*01,DPB1*04,A*02,A*23,C*03,C*14,DRB1*01,DRB1*08,DQA1*01_DQB1*03,DQA1*01_DQB1*05,DQA1*04_DQB1*03,DQA1*04_DQB1*05
P067,DPA1*01,DPA1*01,B*15,B*39,DPB1*04,DPB1*04,A*26,A*26,C*07,C*12,DRB1*13,DRB1*16,DQA1*01_DQB1*05,DQA1*01_DQB1*06,DQA1*01_DQB1*05,DQA1*01_DQB1*06
P132,DPA1*01,DPA1*01,B*40,B*49,DPB1*03,DPB1*04,A*02,A*24,C*02,C*07,DRB1*03,DRB1*11,DQA1*05_DQB1*02,DQA1*05_DQB1*03,DQA1*05_DQB1*02,DQA1*05_DQB1*03
P078,DPA1*02,DPA1*02,B*15,B*15,DPB1*01,DPB1*01,A*23,A*30,C*03,C*03,DRB1*03,DRB1*03,DQA1*05_DQB1*02,DQA1*05_DQB1*02,DQA1*05_DQB1*02,DQA1*05_DQB1*02
P155,DPA1*01,DPA1*02,B*42,B*49,DPB1*01,DPB1*03,A*01,A*29,C*07,C*17,DRB1*03,DRB1*13,DQA1*01_DQB1*04,DQA1*01_DQB1*05,DQA1*04_DQB1*04,DQA1*04_DQB1*05
P127,DPA1*02,DPA1*02,B*15,B*53,DPB1*01,DPB1*17,A*02,A*74,C*02,C*04,DRB1*01,DRB1*13,DQA1*01_DQB1*02,DQA1*01_DQB1*05,DQA1*02_DQB1*02,DQA1*02_DQB1*05
P157,DPA1*01,DPA1*01,B*35,B*55,DPB1*04,DPB1*04,A*11,A*32,C*03,C*04,DRB1*04,DRB1*07,DQA1*02_DQB1*03,DQA1*02_DQB1*03,DQA1*03_DQB1*03,DQA1*03_DQB1*03
P112,DPA1*01,DPA1*02,B*08,B*40,DPB1*01,DPB1*04,A*01,A*02,C*03,C*07,DRB1*03,DRB1*08,DQA1*04_DQB1*02,DQA1*04_DQB1*04,DQA1*05_DQB1*02,DQA1*05_DQB1*04
P109,DPA1*02,DPA1*02,B*07,B*82,DPB1*01,DPB1*01,A*03,A*74,C*03,C*15,DRB1*13,DRB1*15,DQA1*01_DQB1*02,DQA1*01_DQB1*06,DQA1*02_DQB1*02,DQA1*02_DQB1*06
P145,DPA1*01,DPA1*01,B*40,B*58,DPB1*02,DPB1*04,A*11,A*33,C*03,C*15,DRB1*07,DRB1*15,DQA1*01_DQB1*02,DQA1*01_DQB1*05,DQA1*02_DQB1*02,DQA1*02_DQB1*05
P085,DPA1*01,DPA1*02,B*27,B*35,DPB1*04,DPB1*13,A*24,A*33,C*02,C*12,DRB1*07,DRB1*15,DQA1*01_DQB1*02,DQA1*01_DQB1*06,DQA1*02_DQB1*02,DQA1*02_DQB1*06
P071,DPA1*01,DPA1*01,B*38,B*51,DPB1*04,DPB1*04,A*02,A*24,C*01,C*12,DRB1*15,DRB1*15,DQA1*01_DQB1*03,DQA1*01_DQB1*06,DQA1*03_DQB1*03,DQA1*03_DQB1*06
P102,DPA1*02,DPA1*02,B*35,B*48,DPB1*01,DPB1*05,A*11,A*24,C*04,C*08,DRB1*14,DRB1*15,DQA1*01_DQB1*03,DQA1*01_DQB1*05,DQA1*05_DQB1*03,DQA1*05_DQB1*05
P111,DPA1*01,DPA1*01,B*18,B*40,DPB1*03,DPB1*04,A*02,A*24,C*07,C*15,DRB1*11,DRB1*11,DQA1*05_DQB1*03,DQA1*05_DQB1*03,DQA1*05_DQB1*03,DQA1*05_DQB1*03
P101,DPA1*01,DPA1*02,B*07,B*08,DPB1*06,DPB1*11,A*01,A*02,C*07,C*07,DRB1*04,DRB1*15,DQA1*01_DQB1*03,DQA1*01_DQB1*06,DQA1*03_DQB1*03,DQA1*03_DQB1*06
P135,DPA1*01,DPA1*01,B*07,B*35,DPB1*04,DPB1*04,A*03,A*11,C*04,C*07,DRB1*11,DRB1*15,DQA1*01_DQB1*03,DQA1*01_DQB1*06,DQA1*05_DQB1*03,DQA1*05_DQB1*06
P142,DPA1*01,DPA1*01,B*08,B*08,DPB1*02,DPB1*04,A*29,A*29,C*03,C*07,DRB1*03,DRB1*04,DQA1*03_DQB1*02,DQA1*03_DQB1*02,DQA1*05_DQB1*02,DQA1*05_DQB1*02
P012,DPA1*01,DPA1*01,B*08,B*27,DPB1*04,DPB1*04,A*01,A*11,C*01,C*07,DRB1*03,DRB1*04,DQA1*03_DQB1*02,DQA1*03_DQB1*03,DQA1*05_DQB1*02,DQA1*05_DQB1*03
P116,DPA1*02,DPA1*02,B*35,B*42,DPB1*01,DPB1*17,A*33,A*36,C*04,C*17,DRB1*03,DRB1*13,DQA1*01_DQB1*02,DQA1*01_DQB1*06,DQA1*05_DQB1*02,DQA1*05_DQB1*06
P069,DPA1*01,DPA1*02,B*15,B*35,DPB1*02,DPB1*13,A*01,A*02,C*04,C*04,DRB1*07,DRB1*10,DQA1*01_DQB1*03,DQA1*01_DQB1*05,DQA1*02_DQB1*03,DQA1*02_DQB1*05
P080,DPA1*02,DPA1*02,B*35,B*35,DPB1*05,DPB1*05,A*34,A*34,C*04,C*04,DRB1*12,DRB1*15,DQA1*01_DQB1*03,DQA1*01_DQB1*06,DQA1*06_DQB1*03,DQA1*06_DQB1*06
P093,DPA1*01,DPA1*01,B*07,B*07,DPB1*04,DPB1*04,A*02,A*02,C*07,C*07,DRB1*11,DRB1*13,DQA1*01_DQB1*03,DQA1*01_DQB1*06,DQA1*05_DQB1*03,DQA1*05_DQB1*06
P066,DPA1*01,DPA1*02,B*35,B*81,DPB1*01,DPB1*04,A*02,A*02,C*16,C*18,DRB1*03,DRB1*11,DQA1*03_DQB1*02,DQA1*03_DQB1*02,DQA1*05_DQB1*02,DQA1*05_DQB1*02
P054,DPA1*01,DPA1*01,B*18,B*18,DPB1*02,DPB1*02,A*02,A*25,C*07,C*12,DRB1*10,DRB1*11,DQA1*01_DQB1*03,DQA1*01_DQB1*05,DQA1*05_DQB1*03,DQA1*05_DQB1*05
P056,DPA1*01,DPA1*02,B*51,B*51,DPB1*02,DPB1*26,A*01,A*11,C*04,C*14,DRB1*15,DRB1*15,DQA1*01_DQB1*03,DQA1*01_DQB1*06,DQA1*03_DQB1*03,DQA1*03_DQB1*06
P029,DPA1*02,DPA1*02,B*07,B*38,DPB1*14,DPB1*14,A*11,A*29,C*07,C*15,DRB1*04,DRB1*13,DQA1*01_DQB1*03,DQA1*01_DQB1*06,DQA1*03_DQB1*03,DQA1*03_DQB1*06
P156,DPA1*02,DPA1*02,B*15,B*51,DPB1*01,DPB1*01,A*24,A*24,C*03,C*07,DRB1*04,DRB1*15,DQA1*01_DQB1*04,DQA1*01_DQB1*05,DQA1*03_DQB1*04,DQA1*03_DQB1*05
P020,DPA1*01,DPA1*02,B*07,B*57,DPB1*02,DPB1*11,A*01,A*02,C*06,C*07,DRB1*03,DRB1*12,DQA1*05_DQB1*02,DQA1*05_DQB1*03,DQA1*05_DQB1*02,DQA1*05_DQB1*03
P146,DPA1*01,DPA1*01,B*35,B*40,DPB1*04,DPB1*04,A*24,A*32,C*02,C*04,DRB1*12,DRB1*16,DQA1*01_DQB1*03,DQA1*01_DQB1*05,DQA1*05_DQB1*03,DQA1*05_DQB1*05
P030,DPA1*02,DPA1*02,B*40,B*54,DPB1*05,DPB1*05,A*02,A*24,C*08,C*15,DRB1*04,DRB1*11,DQA1*03_DQB1*03,DQA1*03_DQB1*04,DQA1*05_DQB1*03,DQA1*05_DQB1*04
P018,DPA1*02,DPA1*02,B*40,B*46,DPB1*05,DPB1*13,A*02,A*11,C*01,C*03,DRB1*09,DRB1*09,DQA1*03_DQB1*03,DQA1*03_DQB1*03,DQA1*03_DQB1*03,DQA1*03_DQB1*03
P094,DPA1*02,DPA1*02,B*15,B*58,DPB1*09,DPB1*14,A*02,A*11,C*03,C*03,DRB1*01,DRB1*15,DQA1*01_DQB1*05,DQA1*01_DQB1*05,DQA1*01_DQB1*05,DQA1*01_DQB1*05
P114,DPA1*01,DPA1*01,B*18,B*58,DPB1*02,DPB1*04,A*24,A*32,C*07,C*07,DRB1*11,DRB1*13,DQA1*01_DQB1*03,DQA1*01_DQB1*06,DQA1*05_DQB1*03,DQA1*05_DQB1*06
P130,DPA1*01,DPA1*01,B*13,B*35,DPB1*02,DPB1*04,A*02,A*11,C*04,C*04,DRB1*07,DRB1*15,DQA1*01_DQB1*03,DQA1*01_DQB1*06,DQA1*02_DQB1*03,DQA1*02_DQB1*06
P147,DPA1*02,DPA1*02,B*13,B*44,DPB1*01,DPB1*17,A*02,A*33,C*05,C*06,DRB1*01,DRB1*07,DQA1*01_DQB1*02,DQA1*01_DQB1*05,DQA1*02_DQB1*02,DQA1*02_DQB1*05
P110,DPA1*01,DPA1*02,B*15,B*15,DPB1*04,DPB1*14,A*11,A*11,C*04,C*04,DRB1*04,DRB1*04,DQA1*01_DQB1*03,DQA1*01_DQB1*05,DQA1*03_DQB1*03,DQA1*03_DQB1*05
P022,DPA1*01,DPA1*02,B*39,B*40,DPB1*04,DPB1*04,A*24,A*24,C*12,C*12,DRB1*08,DRB1*15,DQA1*01_DQB1*03,DQA1*01_DQB1*06,DQA1*06_DQB1*03,DQA1*06_DQB1*06
P097,DPA1*02,DPA1*02,B*35,B*53,DPB1*01,DPB1*01,A*23,A*36,C*04,C*16,DRB1*11,DRB1*13,DQA1*01_DQB1*06,DQA1*01_DQB1*06,DQA1*01_DQB1*06,DQA1*01_DQB1*06
P045,DPA1*01,DPA1*01,B*18,B*57,DPB1*03,DPB1*04,A*01,A*24,C*06,C*12,DRB1*08,DRB1*08,DQA1*03_DQB1*03,DQA1*03_DQB1*04,DQA1*04_DQB1*03,DQA1*04_DQB1*04
P055,DPA1*01,DPA1*02,B*15,B*35,DPB1*02,DPB1*09,A*01,A*11,C*04,C*04,DRB1*04,DRB1*07,DQA1*02_DQB1*03,DQA1*02_DQB1*03,DQA1*03_DQB1*03,DQA1*03_DQB1*03
P040,DPA1*01,DPA1*02,B*39,B*39,DPB1*04,DPB1*14,A*02,A*02,C*07,C*07,DRB1*08,DRB1*08,DQA1*03_DQB1*03,DQA1*03_DQB1*04,DQA1*04_DQB1*03,DQA1*04_DQB1*04
P068,DPA1*01,DPA1*02,B*18,B*35,DPB1*02,DPB1*02,A*02,A*24,C*04,C*12,DRB1*14,DRB1*14,DQA1*01_DQB1*05,DQA1*01_DQB1*05,DQA1*01_DQB1*05,DQA1*01_DQB1*05
P070,DPA1*01,DPA1*01,B*18,B*44,DPB1*04,DPB1*04,A*01,A*02,C*05,C*07,DRB1*04,DRB1*11,DQA1*03_DQB1*03,DQA1*03_DQB1*03,DQA1*05_DQB1*03,DQA1*05_DQB1*03
P053,DPA1*01,DPA1*01,B*14,B*53,DPB1*02,DPB1*02,A*36,A*74,C*04,C*08,DRB1*10,DRB1*11,DQA1*01_DQB1*05,DQA1*01_DQB1*06,DQA1*01_DQB1*05,DQA1*01_DQB1*06
P015,DPA1*01,DPA1*01,B*07,B*15,DPB1*02,DPB1*02,A*23,A*30,C*05,C*07,DRB1*11,DRB1*15,DQA1*01_DQB1*03,DQA1*01_DQB1*06,DQA1*05_DQB1*03,DQA1*05_DQB1*06
P075,DPA1*01,DPA1*02,B*07,B*35,DPB1*03,DPB1*14,A*03,A*29,C*04,C*07,DRB1*11,DRB1*15,DQA1*01_DQB1*03,DQA1*01_DQB1*06,DQA1*05_DQB1*03,DQA1*05_DQB1*06
P041,DPA1*01,DPA1*02,B*15,B*55,DPB1*04,DPB1*04,A*02,A*03,C*01,C*07,DRB1*07,DRB1*11,DQA1*02_DQB1*02,DQA1*02_DQB1*03,DQA1*05_DQB1*02,DQA1*05_DQB1*03
P046,DPA1*02,DPA1*02,B*44,B*58,DPB1*01,DPB1*01,A*30,A*30,C*04,C*07,DRB1*15,DRB1*15,DQA1*01_DQB1*06,DQA1*01_DQB1*06,DQA1*01_DQB1*06,DQA1*01_DQB1*06
P107,DPA1*01,DPA1*02,B*13,B*35,DPB1*02,DPB1*17,A*24,A*30,C*04,C*06,DRB1*07,DRB1*11,DQA1*02_DQB1*02,DQA1*02_DQB1*03,DQA1*05_DQB1*02,DQA1*05_DQB1*03
P002,DPA1*02,DPA1*02,B*08,B*53,DPB1*10,DPB1*13,A*01,A*68,C*04,C*07,DRB1*03,DRB1*13,DQA1*01_DQB1*02,DQA1*01_DQB1*06,DQA1*05_DQB1*02,DQA1*05_DQB1*06
P106,DPA1*02,DPA1*02,B*18,B*39,DPB1*13,DPB1*14,A*02,A*02,C*07,C*12,DRB1*11,DRB1*16,DQA1*01_DQB1*03,DQA1*01_DQB1*05,DQA1*05_DQB1*03,DQA1*05_DQB1*05
P151,DPA1*01,DPA1*02,B*55,B*57,DPB1*13,DPB1*30,A*02,A*26,C*03,C*18,DRB1*15,DRB1*15,DQA1*01_DQB1*05,DQA1*01_DQB1*06,DQA1*01_DQB1*05,DQA1*01_DQB1*06
P129,DPA1*02,DPA1*02,B*38,B*38,DPB1*01,DPB1*31,A*02,A*34,C*04,C*07,DRB1*15,DRB1*15,DQA1*01_DQB1*05,DQA1*01_DQB1*06,DQA1*01_DQB1*05,DQA1*01_DQB1*06
P115,DPA1*01,DPA1*02,B*45,B*52,DPB1*04,DPB1*04,A*32,A*74,C*12,C*16,DRB1*03,DRB1*15,DQA1*01_DQB1*02,DQA1*01_DQB1*06,DQA1*05_DQB1*02,DQA1*05_DQB1*06
P021,DPA1*01,DPA1*01,B*57,B*57,DPB1*02,DPB1*04,A*01,A*02,C*05,C*06,DRB1*04,DRB1*15,DQA1*01_DQB1*03,DQA1*01_DQB1*06,DQA1*03_DQB1*03,DQA1*03_DQB1*06
P128,DPA1*01,DPA1*01,B*08,B*15,DPB1*04,DPB1*04,A*01,A*02,C*01,C*07,DRB1*03,DRB1*08,DQA1*04_DQB1*02,DQA1*04_DQB1*04,DQA1*05_DQB1*02,DQA1*05_DQB1*04
P033,DPA1*01,DPA1*01,B*35,B*40,DPB1*02,DPB1*04,A*01,A*68,C*12,C*15,DRB1*10,DRB1*15,DQA1*01_DQB1*05,DQA1*01_DQB1*05,DQA1*01_DQB1*05,DQA1*01_DQB1*05
P144,DPA1*02,DPA1*02,B*38,B*38,DPB1*01,DPB1*13,A*24,A*34,C*07,C*07,DRB1*04,DRB1*15,DQA1*01_DQB1*04,DQA1*01_DQB1*05,DQA1*03_DQB1*04,DQA1*03_DQB1*05
P086,DPA1*02,DPA1*03,B*14,B*15,DPB1*01,DPB1*04,A*23,A*36,C*02,C*08,DRB1*13,DRB1*15,DQA1*01_DQB1*05,DQA1*01_DQB1*06,DQA1*01_DQB1*05,DQA1*01_DQB1*06
P137,DPA1*01,DPA1*01,B*07,B*44,DPB1*04,DPB1*04,A*02,A*11,C*05,C*07,DRB1*04,DRB1*07,DQA1*02_DQB1*02,DQA1*02_DQB1*03,DQA1*03_DQB1*02,DQA1*03_DQB1*03
P037,DPA1*01,DPA1*01,B*18,B*52,DPB1*04,DPB1*04,A*01,A*25,C*12,C*12,DRB1*04,DRB1*15,DQA1*01_DQB1*03,DQA1*01_DQB1*06,DQA1*03_DQB1*03,DQA1*03_DQB1*06
P122,DPA1*01,DPA1*01,B*35,B*49,DPB1*04,DPB1*04,A*01,A*68,C*04,C*07,DRB1*04,DRB1*15,DQA1*01_DQB1*03,DQA1*01_DQB1*06,DQA1*03_DQB1*03,DQA1*03_DQB1*06
P031,DPA1*01,DPA1*01,B*35,B*52,DPB1*02,DPB1*03,A*03,A*11,C*04,C*12,DRB1*04,DRB1*11,DQA1*03_DQB1*03,DQA1*03_DQB1*03,DQA1*05_DQB1*03,DQA1*05_DQB1*03
P039,DPA1*02,DPA1*02,B*38,B*40,DPB1*01,DPB1*01,A*11,A*24,C*04,C*07,DRB1*04,DRB1*15,DQA1*01_DQB1*03,DQA1*01_DQB1*05,DQA1*03_DQB1*03,DQA1*03_DQB1*05
P104,DPA1*01,DPA1*03,B*18,B*53,DPB1*02,DPB1*04,A*02,A*36,C*04,C*07,DRB1*09,DRB1*11,DQA1*01_DQB1*02,DQA1*01_DQB1*06,DQA1*03_DQB1*02,DQA1*03_DQB1*06
P090,DPA1*01,DPA1*01,B*07,B*44,DPB1*03,DPB1*03,A*02,A*02,C*07,C*16,DRB1*01,DRB1*13,DQA1*01_DQB1*05,DQA1*01_DQB1*06,DQA1*01_DQB1*05,DQA1*01_DQB1*06
P126,DPA1*01,DPA1*02,B*15,B*57,DPB1*04,DPB1*13,A*02,A*32,C*03,C*06,DRB1*04,DRB1*07,DQA1*02_DQB1*03,DQA1*02_DQB1*03,DQA1*03_DQB1*03,DQA1*03_DQB1*03
P023,DPA1*02,DPA1*02,B*38,B*51,DPB1*01,DPB1*05,A*11,A*11,C*07,C*14,DRB1*08,DRB1*15,DQA1*01_DQB1*06,DQA1*01_DQB1*06,DQA1*01_DQB1*06,DQA1*01_DQB1*06
P036,DPA1*02,DPA1*02,B*35,B*55,DPB1*01,DPB1*05,A*24,A*26,C*04,C*08,DRB1*09,DRB1*12,DQA1*03_DQB1*03,DQA1*03_DQB1*03,DQA1*06_DQB1*03,DQA1*06_DQB1*03
P005,DPA1*01,DPA1*02,B*13,B*44,DPB1*04,DPB1*13,A*11,A*33,C*04,C*07,DRB1*15,DRB1*15,DQA1*01_DQB1*05,DQA1*01_DQB1*06,DQA1*01_DQB1*05,DQA1*01_DQB1*06
P141,DPA1*02,DPA1*02,B*07,B*40,DPB1*05,DPB1*05,A*11,A*24,C*03,C*07,DRB1*08,DRB1*12,DQA1*01_DQB1*03,DQA1*01_DQB1*06,DQA1*06_DQB1*03,DQA1*06_DQB1*06
P034,DPA1*01,DPA1*02,B*15,B*44,DPB1*05,DPB1*21,A*02,A*11,C*07,C*08,DRB1*07,DRB1*12,DQA1*02_DQB1*02,DQA1*02_DQB1*03,DQA1*06_DQB1*02,DQA1*06_DQB1*03
